HugoSymbol	grch38RefSeq	grch38Isoform
A1CF		ENST00000373993
AAMP	NM_001087.5	ENST00000248450
ABCB1	NM_001348946.2	ENST00000622132
ABCC3	NM_003786.4	ENST00000285238
ABL1	NM_005157.4	ENST00000318560
ABL2	NM_007314.3	ENST00000502732
ABRAXAS1	NM_139076.2	ENST00000321945
ACACA	NM_198834.3	ENST00000616317
ACKR3	NM_020311	ENST00000272928
ACP3	NM_001099.5	ENST00000336375
ACSL4	NM_004458.3	ENST00000672401
ACTG1	NM_001199954.1	ENST00000573283
ACVR1	NM_001111067.2	ENST00000263640
ACVR1B	NM_004302	ENST00000257963
ACVR2A	NM_001278579	ENST00000241416
ADAR	NM_001111.5	ENST00000368474
ADARB2	NM_018702.4	ENST00000381312
ADGRA2	NM_032777	ENST00000412232
ADGRG4	NM_153834.4	ENST00000394143
ADHFE1	NM_144650	ENST00000396623
AFDN	NM_001386888.1	ENST00000683244
AFF4	NM_014423	ENST00000265343
AGGF1	NM_018046.5	ENST00000312916
AGK	NM_018238.4	ENST00000649286
AGO1	NM_012199.2	ENST00000373204
AGO2	NM_012154.3	ENST00000220592
AIM2	NM_004833.3	ENST00000368130
AIP	NM_003977.4	ENST00000279146
AJUBA	NM_032876.5	ENST00000262713
AKT1	NM_001014431.1	ENST00000349310
AKT1S1	NM_001098633.4	ENST00000344175
AKT2	NM_001626.4	ENST00000392038
AKT3	NM_005465.4	ENST00000263826
ALB	NM_000477.5	ENST00000295897
ALDH1A3	NM_000693.4	ENST00000329841
ALDH1L2	NM_001034173	ENST00000258494
ALDH2	NM_000690	ENST00000261733
ALK	NM_004304.4	ENST00000389048
ALOX12B	NM_001139.2	ENST00000647874
ALOX15B	NM_001141.3	ENST00000380183
ALOX5	NM_000698.5	ENST00000374391
AMER1	NM_152424.3	ENST00000374869
ANK1	NM_000037.4	ENST00000289734
ANKRD11	NM_013275.5	ENST00000301030
ANKRD26	NM_014915.3	ENST00000376087
APC	NM_000038.5	ENST00000257430
APCDD1	NM_153000.5	ENST00000355285
APEX1	NM_001641.4	ENST00000216714
APLNR	NM_005161.4	ENST00000257254
APOBEC3B	NM_004900.5	ENST00000333467
AR	NM_000044.3	ENST00000374690
ARAF	NM_001654.4	ENST00000377045
ARHGAP26	NM_015071	ENST00000274498
ARHGAP35	NM_004491.5	ENST00000672722
ARHGEF12	NM_015313	ENST00000397843
ARHGEF28	NM_001177693.1	ENST00000426542
ARID1A	NM_006015.4	ENST00000324856
ARID1B		ENST00000636930
ARID2	NM_152641.2	ENST00000334344
ARID3A	NM_005224.2	ENST00000263620
ARID3B	NM_001307939.1	ENST00000346246
ARID3C	NM_001017363.1	ENST00000378909
ARID4A	NM_002892.3	ENST00000355431
ARID4B	NM_001206794.1	ENST00000264183
ARID5A	NM_212481.1	ENST00000357485
ARID5B	NM_032199.2	ENST00000279873
ASCL1	NM_004316.4	ENST00000266744
ASXL1	NM_015338.5	ENST00000375687
ASXL2	NM_018263.4	ENST00000435504
ASXL3	NM_030632.3	ENST00000269197
ATF1	NM_005171.4	ENST00000262053
ATG5	NM_004849.4	ENST00000369076
ATIC	NM_004044	ENST00000236959
ATM	NM_000051.3	ENST00000278616
ATMIN	NM_015251.3	ENST00000299575
ATP1A1	NM_000701	ENST00000295598
ATP6AP1	NM_001183.5	ENST00000369762
ATP6V1B2	NM_001693.3	ENST00000276390
ATR	NM_001184.3	ENST00000350721
ATRIP	NM_130384	ENST00000320211
ATRX	NM_000489.3	ENST00000373344
ATXN2	NM_002973.3	ENST00000550104
ATXN7		ENST00000522345
AURKA	NM_003600.2	ENST00000312783
AURKB	NM_004217.3	ENST00000585124
AURKC	NM_001015878.2	ENST00000302804
AVIL	NM_006576.5	ENST00000549994
AXIN1	NM_003502.3	ENST00000262320
AXIN2	NM_004655.3	ENST00000307078
AXL	NM_021913.4	ENST00000301178
B2M	NM_004048.2	ENST00000559916
BAALC		ENST00000297574
BABAM1	NM_001033549.1	ENST00000359435
BABAM2	NM_199191.3	ENST00000379624
BACH1	NM_001186.4	ENST00000286800
BACH2	NM_001170794.1	ENST00000257749
BAP1	NM_004656.3	ENST00000460680
BARD1	NM_000465.2	ENST00000260947
BBC3	NM_001127240.2	ENST00000449228
BCL10	NM_003921.4	ENST00000648566
BCL11B	NM_138576.3	ENST00000357195
BCL2	NM_000633.2	ENST00000333681
BCL2L1	NM_138578.1	ENST00000307677
BCL2L11	NM_138621.4	ENST00000393256
BCL2L2	NM_004050	ENST00000250405
BCL3	NM_005178	ENST00000164227
BCL6	NM_001706.4	ENST00000232014
BCL7A	NM_001024808	ENST00000261822
BCL9	NM_004326.3	ENST00000234739
BCL9L	NM_001378213.1	ENST00000683865
BCOR	NM_001123385.1	ENST00000378444
BCORL1	NM_021946.4	ENST00000218147
BCR	NM_004327.3	ENST00000305877
BIRC3	NM_182962.2	ENST00000263464
BIRC5	NM_001168.3	ENST00000350051
BLM	NM_000057.2	ENST00000355112
BMPR1A	NM_004329.2	ENST00000372037
BRAF	NM_004333.4	ENST00000646891
BRCA1	NM_007294.3	ENST00000357654
BRCA2	NM_000059.3	ENST00000380152
BRD2	NM_005104.4	ENST00000374825
BRD3	NM_007371	ENST00000303407
BRD4	NM_058243.2	ENST00000263377
BRD9	NM_023924.5	ENST00000467963
BRIP1	NM_032043.2	ENST00000259008
BRSK1	NM_032430	ENST00000309383
BTG1	NM_001731.2	ENST00000256015
BTG2	NM_006763	ENST00000290551
BTK	NM_000061.2	ENST00000308731
BUB1B	NM_001211.6	ENST00000287598
CACNA1D	NM_001128840	ENST00000350061
CAD	NM_001306079	ENST00000264705
CALR	NM_004343.3	ENST00000316448
CAMTA1	NM_015215.4	ENST00000303635
CANT1	NM_001159772	ENST00000302345
CARD11	NM_032415.4	ENST00000396946
CARM1	NM_199141.1	ENST00000327064
CARS1	NM_001014437.3	ENST00000380525
CASP8	NM_001080125.1	ENST00000358485
CASR	NM_000388.4	ENST00000639785
CAV1	NM_001753.5	ENST00000341049
CBFA2T3	NM_005187	ENST00000268679
CBFB	NM_022845.2	ENST00000412916
CBL	NM_005188.3	ENST00000264033
CBLB	NM_170662.5	ENST00000394030
CCAR1	NM_018237.4	ENST00000265872
CCN6	NM_198239.1	ENST00000368666
CCNB1IP1	NM_021178.5	ENST00000358932
CCNB3	NM_033031.2	ENST00000276014
CCND1	NM_053056.2	ENST00000227507
CCND2	NM_001759.3	ENST00000261254
CCND3	NM_001760.3	ENST00000372991
CCNE1	NM_001238.2	ENST00000262643
CCNQ	NM_152274.4	ENST00000576892
CD19	NM_001770	ENST00000538922
CD22	NM_001771	ENST00000085219
CD274	NM_014143.3	ENST00000381577
CD276	NM_001024736.1	ENST00000318443
CD28	NM_006139.3	ENST00000324106
CD58	NM_001779.2	ENST00000369489
CD70	NM_001252	ENST00000245903
CD74	NM_001025159	ENST00000009530
CD79A	NM_001783.3	ENST00000221972
CD79B	NM_001039933.1	ENST00000392795
CDC42	NM_001791.3	ENST00000344548
CDC73	NM_024529.4	ENST00000367435
CDH1	NM_004360.3	ENST00000261769
CDH11	NM_001797	ENST00000268603
CDH2	NM_001792	ENST00000269141
CDH4	NM_001794	ENST00000614565
CDK12	NM_016507.2	ENST00000447079
CDK4	NM_000075.3	ENST00000257904
CDK6	NM_001145306.1	ENST00000265734
CDK8	NM_001260.1	ENST00000381527
CDKN1A	NM_078467.2	ENST00000244741
CDKN1B	NM_004064.3	ENST00000228872
CDKN1C	NM_001122630.2	ENST00000440480
CDKN2A	NM_000077.4	ENST00000304494
CDKN2A (p14)	NM_058195.4	ENST00000579755
CDKN2B	NM_004936.3	ENST00000276925
CDKN2C	NM_078626.2	ENST00000262662
CEBPA	NM_004364.3	ENST00000498907
CENPA	NM_001809.3	ENST00000335756
CEP43	NM_007045.4	ENST00000366847
CHCHD7	NM_001011671.3	ENST00000355315
CHD2	NM_001271	ENST00000394196
CHD4	NM_001273	ENST00000544040
CHEK1	NM_001274.5	ENST00000428830
CHEK2	NM_007194.3	ENST00000404276
CHTF8	NM_001039690	ENST00000398235
CHUK	NM_001278.5	ENST00000370397
CIC	NM_015125.3	ENST00000575354
CIITA	NM_000246.3	ENST00000324288
CILK1	NM_014920.5	ENST00000676107
CLIP1	NM_001247997.2	ENST00000620786
CLTCL1	NM_007098	ENST00000427926
CMTR2	NM_001099642.1	ENST00000338099
CNTRL	NM_007018.6	ENST00000373855
COL1A1	NM_000088	ENST00000225964
COL2A1	NM_001844	ENST00000380518
COL5A1	NM_000093.5	ENST00000371817
COP1	NM_022457.5	ENST00000367669
CRBN	NM_016302.3	ENST00000231948
CREB1	NM_134442.3	ENST00000432329
CREB3L2	NM_194071.4	ENST00000330387
CREBBP	NM_004380.2	ENST00000262367
CREM	NM_183011.2	ENST00000685392
CRKL	NM_005207.3	ENST00000354336
CRLF2		ENST00000400841
CRTC1	NM_015321.3	ENST00000321949
CSDE1	NM_001242891.1	ENST00000438362
CSF1R	NM_005211.3	ENST00000286301
CSF3R		ENST00000373106
CTC1	NM_025099.6	ENST00000651323
CTCF	NM_006565.3	ENST00000264010
CTDNEP1	NM_001143775.2	ENST00000574322
CTLA4	NM_005214.4	ENST00000648405
CTNNA1	NM_001903	ENST00000302763
CTNNB1	NM_001904.3	ENST00000349496
CTR9	NM_014633.4	ENST00000361367
CUL3	NM_003590.4	ENST00000264414
CUL4A	NM_001008895	ENST00000375440
CUX1	NM_181552.3	ENST00000292535
CXCR4	NM_003467.2	ENST00000241393
CYLD	NM_001042355.1	ENST00000398568
CYP19A1	NM_000103.4	ENST00000396402
CYSLTR2	NM_020377.2	ENST00000282018
D2HGDH	NM_152783.5	ENST00000321264
DAXX	NM_001141970.1	ENST00000266000
DAZAP1	NM_018959.3	ENST00000233078
DCUN1D1	NM_020640.2	ENST00000292782
DDB2	NM_000107	ENST00000256996
DDIT3	NM_001195057.1	ENST00000346473
DDR2	NM_006182.2	ENST00000367921
DDX3X	NM_001356.4	ENST00000478993
DDX4	NM_024415.2	ENST00000505374
DDX41	NM_016222.4	ENST00000330503
DDX5	NM_004396	ENST00000225792
DEK	NM_003472.4	ENST00000652689
DHX15	NM_001358.3	ENST00000336812
DICER1	NM_177438.2	ENST00000393063
DIS3	NM_014953.3	ENST00000377767
DIS3L2	NM_152383.5	ENST00000325385
DKK1	NM_012242.2	ENST00000373970
DKK2	NM_014421.2	ENST00000285311
DKK3	NM_001018057.1	ENST00000326932
DKK4	NM_014420.2	ENST00000220812
DLL3		ENST00000205143
DNAJB1	NM_006145.1	ENST00000254322
DNM2	NM_001005360	ENST00000355667
DNMT1	NM_001379.2	ENST00000340748
DNMT3A	NM_022552.4	ENST00000264709
DNMT3B	NM_006892.3	ENST00000328111
DOT1L	NM_032482.2	ENST00000398665
DPYD	NM_000110	ENST00000370192
DROSHA	NM_013235.4	ENST00000344624
DTX1	NM_004416.2	ENST00000257600
DUSP22	NM_020185.4	ENST00000344450
DUSP4	NM_001394.6	ENST00000240100
E2F3	NM_001949.4	ENST00000346618
EBF1	NM_024007	ENST00000313708
ECSIT	NM_016581	ENST00000270517
ECT2L	NM_001077706.2	ENST00000367682
EED	NM_003797.3	ENST00000263360
EGFL7	NM_201446.2	ENST00000308874
EGFR	NM_005228.3	ENST00000275493
EGR1	NM_001964.2	ENST00000239938
EGR2	NM_000399.5	ENST00000242480
EIF1AX	NM_001412.3	ENST00000379607
EIF2B1	NM_001414	ENST00000424014
EIF3E	NM_001568	ENST00000220849
EIF4A2	NM_001967.3	ENST00000323963
EIF4E	NM_001130678.1	ENST00000280892
ELF3	NM_004433.4	ENST00000359651
ELF4	NM_001127197	ENST00000308167
ELK4	NM_001973	ENST00000357992
ELL	NM_006532	ENST00000262809
ELL2	NM_012081.6	ENST00000237853
ELN	NM_000501	ENST00000252034
ELOC	NM_005648.3	ENST00000284811
EML4	NM_019063.5	ENST00000318522
EMSY	NM_020193	ENST00000334736
EP300	NM_001429.3	ENST00000263253
EP400	NM_015409.3	ENST00000389561
EPAS1	NM_001430.4	ENST00000263734
EPCAM	NM_002354.2	ENST00000263735
EPHA3	NM_005233.5	ENST00000336596
EPHA5	NM_004439.5	ENST00000273854
EPHA7	NM_004440.3	ENST00000369303
EPHB1	NM_004441.4	ENST00000398015
EPHB4	NM_004444	ENST00000358173
EPOR	NM_000121.3	ENST00000222139
ERBB2	NM_004448.2	ENST00000269571
ERBB3	NM_001982.3	ENST00000267101
ERBB4	NM_005235.2	ENST00000342788
ERC1	NM_178040	ENST00000360905
ERCC1	NM_001983	ENST00000300853
ERCC2	NM_000400.3	ENST00000391945
ERCC3	NM_000122.1	ENST00000285398
ERCC4	NM_005236.2	ENST00000311895
ERCC5	NM_000123.4	ENST00000652225
ERCC6	NM_000124.4	ENST00000355832
ERF	NM_006494.2	ENST00000222329
ERG	NM_182918.3	ENST00000288319
ERRFI1	NM_018948.3	ENST00000377482
ESCO1	NM_052911.3	ENST00000269214
ESCO2	NM_001017420.2	ENST00000305188
ESR1	NM_001122740.1	ENST00000206249
ETAA1	NM_019002.3	ENST00000272342
ETNK1	NM_018638.4	ENST00000671733
ETS1	NM_005238	ENST00000319397
ETV1	NM_001163147.1	ENST00000405192
ETV4	NM_001079675.2	ENST00000319349
ETV5	NM_004454.2	ENST00000306376
ETV6	NM_001987.4	ENST00000396373
EWSR1	NM_005243.3	ENST00000397938
EXT1	NM_000127	ENST00000378204
EZH1	NM_001991.3	ENST00000428826
EZH2	NM_004456.4	ENST00000320356
EZHIP	NM_203407.3	ENST00000342995
FANCA	NM_000135.2	ENST00000389301
FANCB	NM_001018113.3	ENST00000650831
FANCC	NM_000136.2	ENST00000289081
FANCD2	NM_001018115.1	ENST00000675286
FANCE	NM_021922	ENST00000229769
FANCF	NM_022725	ENST00000327470
FANCG	NM_004629	ENST00000378643
FANCI	NM_001113378.2	ENST00000310775
FANCL	NM_018062.3	ENST00000233741
FANCM	NM_020937	ENST00000267430
FAS	NM_000043.6	ENST00000652046
FAT1	NM_005245.3	ENST00000441802
FBXO11	NM_001190274.1	ENST00000403359
FBXW2	NM_012164	ENST00000608872
FBXW7	NM_033632.3	ENST00000281708
FCGR2B	NM_001394477.1	ENST00000358671
FES	NM_002005	ENST00000328850
FEV	NM_017521.2	ENST00000295727
FGF1	NM_000800	ENST00000337706
FGF10	NM_004465	ENST00000264664
FGF14	NM_004115	ENST00000376143
FGF19	NM_005117.2	ENST00000294312
FGF2	NM_001361665.2	ENST00000644866
FGF23	NM_020638	ENST00000237837
FGF3	NM_005247.2	ENST00000334134
FGF4	NM_002007.2	ENST00000168712
FGF5	NM_004464	ENST00000312465
FGF6	NM_020996	ENST00000228837
FGF7	NM_002009	ENST00000267843
FGF8	NM_033164	ENST00000344255
FGF9	NM_002010	ENST00000382353
FGFR1	NM_001174067.1	ENST00000425967
FGFR2	NM_000141.4	ENST00000358487
FGFR3	NM_000142.5	ENST00000440486
FGFR4	NM_213647.1	ENST00000292408
FH	NM_000143.3	ENST00000366560
FHIT		ENST00000492590
FLCN	NM_144997.5	ENST00000285071
FLI1	NM_002017.4	ENST00000527786
FLT1	NM_002019.4	ENST00000282397
FLT3	NM_004119.2	ENST00000241453
FLT4	NM_182925.4	ENST00000261937
FOLH1	NM_004476	ENST00000256999
FOLR1	NM_000802	ENST00000312293
FOXA1	NM_004496.3	ENST00000250448
FOXF1	NM_001451.2	ENST00000262426
FOXL2	NM_023067.3	ENST00000648323
FOXN4	NM_213596	ENST00000299162
FOXO1	NM_002015.3	ENST00000379561
FOXO3	NM_001455	ENST00000343882
FOXP1	NM_001244814.1	ENST00000318789
FRS2	NM_001042555	ENST00000397997
FSTL1	NM_007085	ENST00000295633
FUBP1	NM_003902.3	ENST00000370768
FURIN	NM_001289823.1	ENST00000268171
FUS	NM_004960	ENST00000254108
FYN	NM_153047.3	ENST00000368678
FZR1	NM_001136198	ENST00000395095
GAB1		ENST00000262995
GAB2	NM_080491.2	ENST00000361507
GABRA6	NM_000811	ENST00000274545
GATA1	NM_002049.3	ENST00000376670
GATA2	NM_032638.4	ENST00000341105
GATA3	NM_002051.2	ENST00000346208
GATA4	NM_002052	ENST00000335135
GATA6	NM_005257	ENST00000269216
GEN1	NM_001130009.3	ENST00000381254
GID4	NM_024052.5	ENST00000268719
GLI1	NM_005269.2	ENST00000228682
GNA11	NM_002067.2	ENST00000078429
GNA12	NM_007353.2	ENST00000275364
GNA13	NM_006572.5	ENST00000439174
GNAQ	NM_002072.3	ENST00000286548
GNAS	NM_000516.4	ENST00000371085
GNB1	NM_001282539.1	ENST00000378609
GPC3	NM_004484	ENST00000370818
GPS2	NM_004489.4	ENST00000380728
GRB7	NM_001030002	ENST00000309156
GREM1	NM_013372.7	ENST00000651154
GRIN2A	NM_001134407.1	ENST00000330684
GRM3	NM_000840	ENST00000361669
GSK3B	NM_002093.3	ENST00000316626
GSTO1	NM_004832.3	ENST00000369713
GSTP1	NM_000852.4	ENST00000398606
GTF2I	NM_032999.3	ENST00000573035
H1-2	NM_005319.3	ENST00000343677
H1-3	NM_005320.2	ENST00000244534
H1-4	NM_005321.2	ENST00000304218
H1-5	NM_005322.2	ENST00000331442
H2AC11	NM_021064.5	ENST00000359193
H2AC16	NM_003511.3	ENST00000613174
H2AC17	NM_003514	ENST00000359611
H2AC6	NM_003512.3	ENST00000314088
H2BC11	NM_021058.3	ENST00000339812
H2BC12	NM_080593.2	ENST00000356950
H2BC17	NM_003527.4	ENST00000616182
H2BC4	NM_003518.3	ENST00000314332
H2BC5	NM_021063.3	ENST00000289316
H2BC8	NM_003518.3	ENST00000541790
H3-3A	NM_002107.4	ENST00000366815
H3-3B	NM_005324.3	ENST00000254810
H3-4	NM_003493.2	ENST00000366696
H3-5	NM_001013699.2	ENST00000340398
H3C1	NM_003529.2	ENST00000613854
H3C10	NM_003536.2	ENST00000369163
H3C11	NM_003533.2	ENST00000616365
H3C12	NM_003535.2	ENST00000359303
H3C13	NM_001123375.2	ENST00000331491
H3C14	NM_021059.2	ENST00000369158
H3C15	NM_001005464.2	ENST00000403683
H3C2	NM_003537.3	ENST00000621411
H3C3	NM_003531.2	ENST00000612966
H3C4	NM_003530.4	ENST00000356476
H3C6	NM_003532.2	ENST00000634733
H3C7	NM_021018.2	ENST00000618052
H3C8	NM_003534.2	ENST00000614378
H3P6		ENST00000369387
H4C6	NM_003540	ENST00000244537
H4C9	NM_003495.3	ENST00000615353
HDAC1	NM_004964.2	ENST00000373548
HDAC2	NM_001527.3	ENST00000519065
HDAC4	NM_006037.3	ENST00000345617
HDAC7	XM_011538481.1	ENST00000427332
HERPUD1	NM_014685.4	ENST00000439977
HFE	NM_000410	ENST00000357618
HGF	NM_000601.4	ENST00000222390
HIF1A	NM_001530.3	ENST00000337138
HIP1	NM_005338.7	ENST00000336926
HIRA	NM_003325	ENST00000263208
HLA-A	NM_001242758.1	ENST00000376809
HLA-B	NM_005514.6	ENST00000412585
HLA-C	NM_002117.5	ENST00000376228
HMGA1	NM_145899	ENST00000311487
HMGA2	NM_003483	ENST00000403681
HNF1A	NM_000545.5	ENST00000257555
HNF1B	NM_000458	ENST00000617811
HOXA11	NM_005523	ENST00000006015
HOXA13	NM_000522.5	ENST00000649031
HOXB13	NM_006361.5	ENST00000290295
HRAS	NM_005343.2	ENST00000451590
HSD17B2	NM_002153	ENST00000199936
HSD3B1	NM_000862	ENST00000369413
HSP90AA1	NM_005348	ENST00000216281
HTATIP2	NM_001098521	ENST00000421577
ICOSLG	NM_015259.4	ENST00000407780
ID1	NM_002165	ENST00000376112
ID3	NM_002167.4	ENST00000374561
IDH1	NM_005896.2	ENST00000345146
IDH2	NM_002168.2	ENST00000330062
IFNAR1	NM_000629	ENST00000270139
IFNGR1	NM_000416.2	ENST00000367739
IGF1	NM_001111285.1	ENST00000307046
IGF1R	NM_000875.3	ENST00000650285
IGF2	NM_001127598.1	ENST00000434045
IKBKE	NM_014002.3	ENST00000581977
IKZF1	NM_006060.6	ENST00000331340
IKZF3	NM_012481.4	ENST00000346872
IL10	NM_000572.2	ENST00000423557
IL2RA	NM_000417.3	ENST00000379959
IL3	NM_000588.3	ENST00000296870
IL6ST		ENST00000381298
IL7R	NM_002185.3	ENST00000303115
ING1	NM_005537	ENST00000375774
INHA	NM_002191.3	ENST00000243786
INHBA	NM_002192.2	ENST00000242208
INPP4A		ENST00000409851
INPP4B	NM_001101669.1	ENST00000262992
INPPL1	NM_001567.3	ENST00000298229
INSR	NM_000208.2	ENST00000302850
INTS6	NM_012141	ENST00000311234
IQGAP1	NM_003870	ENST00000268182
IRF1	NM_002198.2	ENST00000245414
IRF2	NM_002199	ENST00000393593
IRF4	NM_002460.3	ENST00000380956
IRF8	NM_002163.2	ENST00000268638
IRS1	NM_005544.2	ENST00000305123
IRS2	NM_003749.2	ENST00000375856
ITPKB	NM_002221	ENST00000272117
JAK1	NM_002227.2	ENST00000342505
JAK2	NM_004972.3	ENST00000381652
JAK3	NM_000215.3	ENST00000458235
JARID2	NM_004973.3	ENST00000341776
JAZF1	NM_175061.4	ENST00000283928
JUN	NM_002228.3	ENST00000371222
KAT6A	NM_006766.4	ENST00000265713
KAT7	NM_007067	ENST00000259021
KBTBD4		ENST00000430070
KDM5A	NM_001042603.1	ENST00000399788
KDM5C	NM_004187.3	ENST00000375401
KDM5D	NM_004653	ENST00000317961
KDM6A	NM_021140.2	ENST00000377967
KDR	NM_002253.2	ENST00000263923
KDSR	NM_002035.4	ENST00000645214
KEAP1	NM_203500.1	ENST00000171111
KEL	NM_000420	ENST00000355265
KIAA1549	NM_001164665.2	ENST00000422774
KIT	NM_000222.2	ENST00000288135
KLF2	NM_016270.2	ENST00000248071
KLF3	NM_016531.5	ENST00000261438
KLF4	NM_004235.4	ENST00000374672
KLF5	NM_001730.4	ENST00000377687
KLHL6	NM_130446	ENST00000341319
KMT2A	NM_001197104.1	ENST00000534358
KMT2B	NM_014727.3	ENST00000420124
KMT2C	NM_170606.2	ENST00000262189
KMT2D	NM_003482.3	ENST00000301067
KMT5A	NM_020382.7	ENST00000402868
KNSTRN	NM_033286.3	ENST00000249776
KRAS	NM_004985.3	ENST00000311936
KSR2	NM_173598.6	ENST00000339824
L1TD1	NM_019079.5	ENST00000498273
LARP4B	NM_015155.2	ENST00000316157
LASP1	NM_006148.4	ENST00000318008
LATS1	NM_004690.3	ENST00000253339
LATS2	NM_014572.2	ENST00000382592
LCK	NM_001042771.2	ENST00000336890
LEF1	NM_016269	ENST00000265165
LGR5	NM_003667	ENST00000266674
LMNA	NM_170707	ENST00000368300
LMO1	NM_002315.2	ENST00000335790
LMO2	NM_001142315.1	ENST00000395833
LRP1B	NM_018557	ENST00000389484
LRP5	NM_001291902.1	ENST00000294304
LRP6	NM_002336.2	ENST00000261349
LTB	NM_002341.2	ENST00000429299
LTK	NM_002344	ENST00000263800
LYN	NM_002350.3	ENST00000519728
LZTR1	NM_006767.3	ENST00000646124
LZTS1	NM_021020.5	ENST00000381569
MAD2L2	NM_001127325.1	ENST00000235310
MAF	NM_001031804.2	ENST00000393350
MAFB	NM_005461.4	ENST00000373313
MAGI2	NM_012301.4	ENST00000354212
MAL2		ENST00000614891
MALT1	NM_006785.3	ENST00000649217
MAML2	NM_032427.4	ENST00000524717
MAP2K1	NM_002755.3	ENST00000307102
MAP2K2	NM_030662.3	ENST00000262948
MAP2K4	NM_003010.3	ENST00000353533
MAP3K1	NM_005921.1	ENST00000399503
MAP3K13	NM_004721.4	ENST00000265026
MAP3K14	NM_003954.3	ENST00000344686
MAP3K21	NM_032435	ENST00000366624
MAP3K7	NM_145331	ENST00000369329
MAP4K4	NM_001242559	ENST00000347699
MAPK1	NM_002745.4	ENST00000215832
MAPK3	NM_002746.2	ENST00000263025
MAPKAP1	NM_001006617.1	ENST00000265960
MASTL	NM_001172303.3	ENST00000375940
MAX	NM_002382.4	ENST00000358664
MBD4	NM_003925	ENST00000249910
MBD6	NM_052897.3	ENST00000355673
MCL1	NM_021960.4	ENST00000369026
MDC1	NM_014641.2	ENST00000376406
MDH2	NM_005918.4	ENST00000315758
MDM2	NM_002392.5	ENST00000258149
MDM4	NM_002393.4	ENST00000367182
MECOM	NM_001105078.3	ENST00000468789
MED12	NM_005120.2	ENST00000374080
MEF2B	NM_001145785.1	ENST00000424583
MEF2C	NM_001193350	ENST00000437473
MEF2D	NM_005920.3	ENST00000348159
MEN1	NM_130799.2	ENST00000312049
MERTK	NM_006343.2	ENST00000295408
MET	NM_000245.2	ENST00000397752
MGA	NM_001164273.1	ENST00000219905
MGAM	NM_004668.2	ENST00000549489
MIDEAS	NM_001043318.2	ENST00000286523
MITF	NM_000248.4	ENST00000394351
MKI67	NM_002417	ENST00000368654
MLF1	NM_022443.5	ENST00000355893
MLH1	NM_000249.3	ENST00000231790
MLH3	NM_001040108	ENST00000355774
MLLT1	NM_005934.3	ENST00000252674
MLLT10	NM_001195626.1	ENST00000307729
MLLT3	NM_004529	ENST00000380338
MN1	NM_002430	ENST00000302326
MOB3B	NM_024761.4	ENST00000262244
MPEG1	NM_001039396.1	ENST00000361050
MPL	NM_005373.2	ENST00000372470
MRE11	NM_005591.3	ENST00000323929
MS4A1	NM_021950	ENST00000345732
MSH2	NM_000251.2	ENST00000233146
MSH3	NM_002439.4	ENST00000265081
MSH6	NM_000179.2	ENST00000234420
MSI1	NM_002442.3	ENST00000257552
MSI2	NM_138962.2	ENST00000284073
MST1	NM_020998.3	ENST00000449682
MST1R	NM_002447.2	ENST00000296474
MTAP	NM_002451.3	ENST00000644715
MTHFD2	NM_006636	ENST00000394053
MTHFR	NM_005957.5	ENST00000376590
MTOR	NM_004958.3	ENST00000361445
MUTYH	NM_001128425.2	ENST00000710952
MYB	NM_005375	ENST00000367814
MYBL1	NM_001080416	ENST00000522677
MYC	NM_002467.4	ENST00000621592
MYCL	NM_001033082.2	ENST00000397332
MYCN	NM_005378.4	ENST00000281043
MYD88		ENST00000650905
MYH11	NM_002474	ENST00000300036
MYO5A	NM_000259	ENST00000399231
MYOD1	NM_002478.4	ENST00000250003
NAB2	NM_005967.4	ENST00000300131
NADK		ENST00000378625
NBN	NM_002485.4	ENST00000265433
NCOA3	NM_181659.2	ENST00000371998
NCOA4	NM_001145263.2	ENST00000581486
NCOR1	NM_006311.3	ENST00000268712
NCOR2	NM_006312.6	ENST00000405201
NCSTN	NM_015331.2	ENST00000294785
NEGR1	NM_173808.2	ENST00000357731
NF1	NM_000267.3	ENST00000356175
NF2	NM_000268.3	ENST00000338641
NFATC2	NM_173091.4	ENST00000396009
NFE2	NM_001136023.2	ENST00000312156
NFE2L2	NM_006164.4	ENST00000397062
NFKBIA	NM_020529.2	ENST00000216797
NFKBIE	NM_004556	ENST00000275015
NHERF1	NM_004252	ENST00000262613
NKX2-1	NM_001079668.2	ENST00000354822
NKX3-1	NM_006167.3	ENST00000380871
NOTCH1	NM_017617.5	ENST00000651671
NOTCH2	NM_024408.3	ENST00000256646
NOTCH3	NM_000435.2	ENST00000263388
NOTCH4	NM_004557.3	ENST00000375023
NPM1	NM_002520.6	ENST00000296930
NQO1	NM_000903	ENST00000320623
NR4A3	NM_006981.3	ENST00000395097
NRAS	NM_002524.4	ENST00000369535
NRG1	NM_013964.3	ENST00000405005
NSD1	NM_022455.4	ENST00000439151
NSD2	NM_001042424.2	ENST00000382891
NSD3	NM_023034.1	ENST00000317025
NT5C2	NM_001134373.2	ENST00000343289
NT5E	NM_002526.4	ENST00000257770
NTHL1	NM_002528.5	ENST00000219066
NTRK1	NM_002529.3	ENST00000524377
NTRK2	NM_006180.3	ENST00000277120
NTRK3		ENST00000629765
NUF2	NM_031423.3	ENST00000271452
NUP214	NM_005085	ENST00000359428
NUP93	NM_014669.4	ENST00000308159
NUP98	NM_139132.4	ENST00000355260
NUTM1	XM_011521429.1	ENST00000333756
OGA	NM_012215.5	ENST00000361464
OGT	NM_181672.3	ENST00000373719
ONECUT2	NM_004852	ENST00000491143
Other Biomarkers		
P2RY8	NM_178129.4	ENST00000381297
PAFAH1B2	NM_002572.4	ENST00000527958
PAK1	NM_002576.4	ENST00000356341
PAK3	NM_001128173	ENST00000262836
PAK5	NM_177990.2	ENST00000353224
PALB2	NM_024675.3	ENST00000261584
PARP1	NM_001618.3	ENST00000366794
PAX3	NM_181457	ENST00000350526
PAX5	NM_016734.2	ENST00000358127
PAX7	NM_001135254	ENST00000420770
PAX8		ENST00000429538
PBRM1	NM_018313.4	ENST00000394830
PCBP1	NM_006196.3	ENST00000303577
PDCD1	NM_005018.2	ENST00000334409
PDCD1LG2	NM_025239.3	ENST00000397747
PDGFB	NM_002608.2	ENST00000331163
PDGFRA	NM_006206.4	ENST00000257290
PDGFRB	NM_002609.3	ENST00000261799
PDK1	NM_002610	ENST00000282077
PDPK1	NM_002613.4	ENST00000342085
PDS5B	NM_015032.3	ENST00000315596
PGBD5		ENST00000391860
PGR	NM_000926.4	ENST00000325455
PHF19	NM_015651	ENST00000373896
PHF6	NM_001015877.1	ENST00000332070
PHLPP1	NM_194449	ENST00000262719
PHLPP2	NM_015020	ENST00000568954
PHOX2B	NM_003924.3	ENST00000226382
PICALM	NM_007166.4	ENST00000393346
PIGA	NM_002641.3	ENST00000333590
PIK3C2B	NM_002646	ENST00000367187
PIK3C2G	NM_004570.4	ENST00000433979
PIK3C3	NM_002647.2	ENST00000262039
PIK3CA	NM_006218.2	ENST00000263967
PIK3CB	NM_006219.2	ENST00000289153
PIK3CD	NM_005026.3	ENST00000377346
PIK3CG	NM_002649.2	ENST00000359195
PIK3R1	NM_181523.2	ENST00000521381
PIK3R2	NM_005027.3	ENST00000222254
PIK3R3	NM_003629.3	ENST00000262741
PIM1	NM_002648.3	ENST00000373509
PLCG1	NM_182811.1	ENST00000373271
PLCG2	NM_002661.3	ENST00000564138
PLK2	NM_006622.3	ENST00000274289
PMAIP1	NM_021127.2	ENST00000316660
PML	NM_033238	ENST00000268058
PMS1	NM_000534.4	ENST00000441310
PMS2	NM_000535.5	ENST00000265849
PNRC1	NM_006813.2	ENST00000336032
POLD1	NM_002691.3	ENST00000440232
POLE	NM_006231.2	ENST00000320574
POLG	NM_001126131	ENST00000268124
POLH	NM_006502.3	ENST00000372236
POT1	NM_015450.2	ENST00000357628
POU2F2	NM_001207025	ENST00000526816
POU3F2	NM_005604	ENST00000328345
POU3F4	NM_000307	ENST00000644024
PPARG	NM_015869.4	ENST00000287820
PPM1D	NM_003620.3	ENST00000305921
PPP2R1A	NM_014225.5	ENST00000322088
PPP2R2A	NM_002717.3	ENST00000380737
PPP4R2	NM_174907.2	ENST00000356692
PPP6C	NM_002721.4	ENST00000373547
PRCC	NM_005973	ENST00000271526
PRDM1	NM_001198.3	ENST00000369096
PRDM14	NM_024504.3	ENST00000276594
PREX2	NM_024870.2	ENST00000288368
PRKACA	NM_002730.3	ENST00000308677
PRKAR1A	NM_212471.2	ENST00000358598
PRKCB	NM_002738.7	ENST00000643927
PRKCI	NM_002740.5	ENST00000295797
PRKD1	NM_002742.2	ENST00000331968
PRKDC	NM_006904.7	ENST00000314191
PRKN	NM_004562.2	ENST00000366898
PRMT5	NM_006109.5	ENST00000324366
PRPF8	NM_006445	ENST00000304992
PRSS1	NM_002769.4	ENST00000311737
PSMB2	NM_002794	ENST00000373237
PTCH1	NM_000264.3	ENST00000331920
PTEN	NM_000314.4	ENST00000371953
PTK7	NM_002821.5	ENST00000230419
PTP4A1	NM_003463.4	ENST00000626021
PTPN1	NM_001278618.1	ENST00000371621
PTPN11	NM_002834.3	ENST00000351677
PTPN13	NM_080683	ENST00000411767
PTPN14	NM_005401	ENST00000366956
PTPN2	NM_002828.3	ENST00000309660
PTPRD	NM_002839.3	ENST00000356435
PTPRS	NM_002850.3	ENST00000587303
PTPRT	NM_133170.3	ENST00000373198
PUM1	NM_014676	ENST00000257075
QKI	NM_006775	ENST00000361752
RAB35	NM_006861.6	ENST00000229340
RAC1	NM_018890.3	ENST00000356142
RAC2	NM_002872.4	ENST00000249071
RAD17	NM_133339	ENST00000380774
RAD21	NM_006265.2	ENST00000297338
RAD50	NM_005732.3	ENST00000378823
RAD51	NM_002875.4	ENST00000267868
RAD51B	NM_133509.3	ENST00000487270
RAD51C	NM_058216.2	ENST00000337432
RAD51D	NM_002878.3	ENST00000345365
RAD52	NM_134424.2	ENST00000358495
RAD54L	NM_001142548.1	ENST00000371975
RAF1	NM_002880.3	ENST00000251849
RANBP2	NM_006267	ENST00000283195
RARA	NM_000964.3	ENST00000254066
RASA1	NM_002890.2	ENST00000274376
RB1	NM_000321.2	ENST00000267163
RBM10		ENST00000377604
RBM15	NM_022768.4	ENST00000369784
RECQL	NM_002907.3	ENST00000421138
RECQL4	NM_004260.4	ENST00000617875
REL	NM_002908.2	ENST00000295025
RELA	NM_021975.4	ENST00000406246
RELN	NM_005045.3	ENST00000428762
REST	NM_001193508.1	ENST00000309042
RET	NM_020975.4	ENST00000355710
REV3L	NM_002912	ENST00000358835
RHEB	NM_005614.3	ENST00000262187
RHOA	NM_001664.2	ENST00000418115
RICTOR	NM_152756.3	ENST00000357387
RIOK2	NM_018343.3	ENST00000283109
RIT1	NM_006912.5	ENST00000368323
RNASEH2A	NM_006397	ENST00000221486
RNASEH2B	NM_024570	ENST00000336617
RNF43	NM_017763.4	ENST00000407977
ROBO1	NM_002941.3	ENST00000464233
ROS1	NM_002944.2	ENST00000368508
RPL5	NM_000969	ENST00000370321
RPS15	NM_001018	ENST00000592588
RPS6KA4	NM_003942.2	ENST00000334205
RPS6KB1	NM_003161.4	ENST00000225577
RPS6KB2	NM_003952.2	ENST00000312629
RPTOR	NM_020761.2	ENST00000306801
RRAGC	NM_022157.3	ENST00000373001
RRAS	NM_006270.3	ENST00000246792
RRAS2	NM_012250.5	ENST00000256196
RSPO2	NM_178565.5	ENST00000276659
RSPO3	NM_032784.5	ENST00000356698
RTEL1	NM_001283009.2	ENST00000360203
RUNX1	NM_001754.4	ENST00000300305
RUNX1T1		ENST00000523629
RXRA	NM_002957.4	ENST00000481739
RYBP	NM_012234.5	ENST00000477973
SAMD9	NM_017654.4	ENST00000379958
SAMD9L	NM_152703.5	ENST00000318238
SAMHD1	NM_015474.3	ENST00000646673
SCG5	NM_001144757.1	ENST00000300175
SDHA	NM_004168.2	ENST00000264932
SDHAF2	NM_017841.2	ENST00000301761
SDHB	NM_003000.2	ENST00000375499
SDHC	NM_003001.3	ENST00000367975
SDHD	NM_003002.3	ENST00000375549
SERPINB3	NM_006919.2	ENST00000283752
SERPINB4	NM_002974.3	ENST00000341074
SESN1	NM_014454.2	ENST00000436639
SESN2	NM_031459.4	ENST00000253063
SESN3	NM_144665.3	ENST00000536441
SET	NM_001122821	ENST00000372692
SETBP1	NM_015559.2	ENST00000649279
SETD1A	NM_014712.2	ENST00000262519
SETD1B	XM_005253858.3	ENST00000604567
SETD2	NM_014159.6	ENST00000409792
SETD3	NM_032233.2	ENST00000331768
SETD4	NM_017438.4	ENST00000332131
SETD5	NM_001080517.2	ENST00000402198
SETD6	NM_001160305.1	ENST00000219315
SETD7	NM_001306199.1	ENST00000274031
SETDB1	NM_001145415.1	ENST00000271640
SETDB2	NM_031915.2	ENST00000317257
SF3B1	NM_012433.2	ENST00000335508
SF3B2	NM_006842	ENST00000322535
SFRP1	NM_003012.4	ENST00000220772
SFRP2	NM_003013.2	ENST00000274063
SGK1	NM_005627.3	ENST00000237305
SH2B3	NM_005475.2	ENST00000341259
SH2D1A	NM_002351.4	ENST00000371139
SHOC2	NM_007373.3	ENST00000369452
SHQ1	NM_018130.2	ENST00000325599
SLFN11	NM_001104587.1	ENST00000308377
SLIT2	NM_004787	ENST00000504154
SLIT3	NM_003062	ENST00000519560
SLX4	NM_032444.2	ENST00000294008
SMAD2	NM_001003652.3	ENST00000262160
SMAD3	NM_005902.3	ENST00000327367
SMAD4	NM_005359.5	ENST00000342988
SMARCA1	NM_003069	ENST00000371122
SMARCA2	NM_001289396.1	ENST00000349721
SMARCA4	NM_001128849.3	ENST00000646693
SMARCB1	NM_003073.5	ENST00000644036
SMARCD1	NM_003076.4	ENST00000394963
SMARCE1	NM_003079.4	ENST00000348513
SMC1A	NM_006306.3	ENST00000322213
SMC3	NM_005445.3	ENST00000361804
SMG1	NM_015092.4	ENST00000446231
SMO	NM_005631.4	ENST00000249373
SMYD3	NM_001167740.1	ENST00000490107
SOCS1	NM_003745.1	ENST00000332029
SOCS3	NM_003955.4	ENST00000330871
SOS1	NM_005633.3	ENST00000402219
SOX10	NM_006941	ENST00000360880
SOX17	NM_022454.3	ENST00000297316
SOX2	NM_003106.3	ENST00000325404
SOX9	NM_000346.3	ENST00000245479
SP140	NM_007237.4	ENST00000392045
SPEN	NM_015001.2	ENST00000375759
SPOP	NM_001007228.1	ENST00000347630
SPRED1	NM_152594.2	ENST00000299084
SPRTN	NM_032018.6	ENST00000295050
SQSTM1	NM_003900	ENST00000389805
SRC	NM_198291.2	ENST00000358208
SRP72	NM_006947	ENST00000642900
SRSF2	NM_003016.4	ENST00000359995
SS18	NM_001007559.2	ENST00000415083
SSX1	NM_005635.4	ENST00000376919
SSX2	NM_175698.4	ENST00000337502
STAG1	NM_005862.2	ENST00000383202
STAG2	NM_001042749.1	ENST00000218089
STAT1	NM_007315.3	ENST00000361099
STAT2	NM_005419.3	ENST00000314128
STAT3	NM_139276.2	ENST00000264657
STAT4	NM_001243835	ENST00000358470
STAT5A	NM_003152.3	ENST00000345506
STAT5B	NM_012448.3	ENST00000293328
STAT6	NM_001178078.1	ENST00000300134
STK11	NM_000455.4	ENST00000326873
STK19	NM_004197.1	ENST00000375331
STK40	NM_032017.1	ENST00000373129
SUFU	NM_016169.3	ENST00000369902
SUZ12	NM_015355.2	ENST00000322652
SYK	NM_003177.5	ENST00000375746
SZT2	NM_015284	ENST00000562955
TACSTD2	NM_002353.3	ENST00000371225
TAF1	NM_004606.5	ENST00000423759
TAL1	NM_001287347.2	ENST00000294339
TAP1	NM_000593.5	ENST00000354258
TAP2	NM_001290043.2	ENST00000374897
TBL1XR1	NM_024665.4	ENST00000430069
TBX3	NM_016569.3	ENST00000257566
TCF3	NM_001136139.2	ENST00000588136
TCF7L2	NM_001146274.1	ENST00000627217
TCL1A	NM_001098725.1	ENST00000402399
TCL1B	NM_004918.3	ENST00000340722
TEK	NM_000459.3	ENST00000380036
TENT5C	NM_017709.3	ENST00000369448
TERT	NM_198253.2	ENST00000310581
TET1	NM_030625.2	ENST00000373644
TET2	NM_001127208.2	ENST00000380013
TET3	NM_144993	ENST00000409262
TFE3	NM_006521.5	ENST00000315869
TGFBR1	NM_004612.2	ENST00000374994
TGFBR2	NM_003242.6	ENST00000295754
TIGAR	NM_020375	ENST00000179259
TLE1	NM_001303103.1	ENST00000376499
TLE2	NM_003260.4	ENST00000262953
TLE3	NM_005078.3	ENST00000558939
TLE4	NM_007005.4	ENST00000376552
TLX1	NM_005521.3	ENST00000370196
TLX3	NM_021025.2	ENST00000296921
TMEM127	NM_017849.4	ENST00000258439
TMPRSS2	NM_001135099.1	ENST00000398585
TNFAIP3	NM_006290.3	ENST00000237289
TNFRSF14	NM_003820.2	ENST00000355716
TNFRSF17	NM_001192	ENST00000053243
TNFRSF9	NM_001561.6	ENST00000377507
TNFSF13	NM_003808	ENST00000338784
TONSL	NM_013432	ENST00000409379
TOP1	NM_003286.2	ENST00000361337
TOP2A	NM_001067	ENST00000423485
TOX	NM_014729.3	ENST00000361421
TP53	NM_000546.5	ENST00000269305
TP53BP1	NM_001141980.1	ENST00000382044
TP63	NM_003722.4	ENST00000264731
TPM3	NM_152263.4	ENST00000368530
TPMT	NM_000367.5	ENST00000309983
TRA		
TRAF2	NM_021138.3	ENST00000247668
TRAF3	NM_003300.3	ENST00000392745
TRAF5	NM_001033910.2	ENST00000261464
TRAF7	NM_032271.2	ENST00000326181
TRB		
TRD		
TRG		
TRIB3	NM_001301188	ENST00000217233
TRIM27	NM_006510	ENST00000377199
TRIP13	NM_004237.3	ENST00000166345
TSC1	NM_000368.4	ENST00000298552
TSC2	NM_000548.3	ENST00000219476
TSHR	NM_000369.2	ENST00000541158
TYK2		ENST00000525621
TYMS	NM_001071.4	ENST00000323274
U2AF1	NM_006758.2	ENST00000291552
U2AF2	NM_007279.2	ENST00000308924
UBA1	NM_003334.4	ENST00000335972
UBE2A	NM_003336	ENST00000371558
UBR5	NM_015902.5	ENST00000520539
UBTF	NM_014233.4	ENST00000436088
UCHL1	NM_004181	ENST00000284440
UPF1	NM_002911.3	ENST00000262803
USP1	NM_003368.5	ENST00000339950
USP6	NM_004505	ENST00000250066
USP8	NM_001128610.2	ENST00000307179
VAV1	NM_005428.3	ENST00000602142
VAV2	NM_001134398.1	ENST00000371850
VEGFA	NM_001171623.1	ENST00000523873
VEGFB	NM_003377.5	ENST00000309422
VHL	NM_000551.3	ENST00000256474
VTCN1	NM_024626.3	ENST00000369458
WEE1	NM_003390.4	ENST00000450114
WIF1	NM_007191.4	ENST00000286574
WRN	NM_000553	ENST00000298139
WT1	NM_024426.4	ENST00000452863
WWOX	NM_016373.4	ENST00000566780
WWP1	NM_007013.3	ENST00000265428
WWTR1	NM_001168280.1	ENST00000360632
XBP1	NM_005080.3	ENST00000216037
XIAP	NM_001167.3	ENST00000355640
XPA	NM_000380	ENST00000375128
XPC	NM_004628	ENST00000285021
XPO1	NM_003400.3	ENST00000401558
XRCC1	NM_006297	ENST00000262887
XRCC2	NM_005431.1	ENST00000359321
XRCC3	NM_005432.4	ENST00000555055
YAP1	NM_001130145.2	ENST00000282441
YES1	NM_005433.3	ENST00000314574
YWHAE	NM_006761.5	ENST00000264335
YY1	NM_003403.4	ENST00000262238
ZBTB20	NM_001164342.2	ENST00000474710
ZBTB7A	NM_015898	ENST00000322357
ZFHX3	NM_006885.3	ENST00000268489
ZFP36L1	NM_001244698.1	ENST00000336440
ZFP36L2	NM_006887.4	ENST00000282388
ZMYM3	NM_005096	ENST00000314425
ZNF217	NM_006526	ENST00000302342
ZNF292	NM_015021.3	ENST00000369577
ZNF750	NM_024702.2	ENST00000269394
ZNRF3	NM_001206998.1	ENST00000544604
ZRSR2	NM_005089.3	ENST00000307771
